id,name,repository_full_name,pipeline
61999367,Mark stale pull requests,pagopa/developer-portal,"{""Steps"":[],""Env"":null,""RemainingFields"":{""jobs"":{""stale"":{""runs-on"":""ubuntu-latest"",""permissions"":{""pull-requests"":""write"",""contents"":""write""},""env"":{""DAYS_BEFORE_STALE"":14,""DAYS_BEFORE_CLOSE"":21},""steps"":[{""uses"":""actions/stale@1160a2240286f5da8ec72b1c0816ce2481aabf84"",""with"":{""repo-token"":""${{ secrets.GITHUB_TOKEN }}"",""days-before-pr-stale"":""${{ env.DAYS_BEFORE_STALE }}"",""days-before-pr-close"":""${{ env.DAYS_BEFORE_CLOSE }}"",""stale-pr-message"":""This pull request is stale because it has been open for ${{ env.DAYS_BEFORE_STALE }} days with no activity. If the pull request is still valid, please update it within ${{ env.DAYS_BEFORE_CLOSE }} days to keep it open or merge it, otherwise it will be closed automatically."",""close-pr-message"":""This pull request was closed because it has been inactive for ${{ env.DAYS_BEFORE_CLOSE }} days since being marked as stale."",""stale-pr-label"":""stale"",""remove-stale-when-updated"":true,""delete-branch"":true}}]}},""name"":""Mark stale pull requests"",""on"":{""schedule"":[{""cron"":""0 2 1/7 * *""}]}}}"
164497910,Deploy Standalone Website,pagopa/developer-portal,"{""Steps"":[],""Env"":null,""RemainingFields"":{""jobs"":{""setup"":{""runs-on"":""ubuntu-24.04"",""outputs"":{""matrix"":""${{ steps.setmatrix.outputs.matrix }}""},""permissions"":{""id-token"":""write"",""contents"":""read""},""steps"":[{""name"":""Set Dynamic Env Matrix"",""id"":""setmatrix"",""run"":""echo \""github.ref ${{ github.ref }}\""\necho \""event name ${{ github.event_name }}\""\n\nif [ \""${{ github.event_name }}\"" == \""workflow_dispatch\"" ]; then\n  matrixStringifiedObject=\""{\\\""include\\\"":[{\\\""environment\\\"":\\\""${{ github.event.inputs.environment }}\\\""}]}\""\nelse\n  matrixStringifiedObject=\""{\\\""include\\\"":[{\\\""environment\\\"":\\\""dev\\\""}]}\""\nfi\n\necho \""matrix=$matrixStringifiedObject\"" \u003e\u003e $GITHUB_OUTPUT\n""}]},""deploy"":{""name"":""Deploy standalone website ${{ matrix.environment }}"",""if"":""${{ needs.setup.outputs.matrix != '' }}"",""runs-on"":""codebuild-${{ matrix.environment }}-github-runner-${{ github.run_id }}-${{ github.run_attempt }}"",""needs"":[""setup""],""strategy"":{""matrix"":""${{ fromJson(needs.setup.outputs.matrix) }}""},""continue-on-error"":false,""environment"":""${{ matrix.environment }}"",""env"":{""ENV_SHORT"":""${{ fromJSON('{\""dev\"":\""d\"",\""uat\"":\""u\"",\""prod\"":\""p\""}')[matrix.environment] }}""},""permissions"":{""id-token"":""write"",""contents"":""read""},""steps"":[{""name"":""Checkout"",""uses"":""actions/checkout@8e5e7e5ab8b370d6c329ec480221332ada57f0ab"",""with"":{""submodules"":""recursive""}},{""name"":""Setup Node.JS"",""uses"":""./.github/actions/setup-node""},{""name"":""Cache npm dependencies"",""id"":""cache-npm"",""uses"":""actions/cache@5a3ec84eff668545956fd18022155c47e93e2684"",""with"":{""path"":""~/.npm"",""key"":""${{ runner.os }}-npm-${{ hashFiles('**/package-lock.json') }}"",""restore-keys"":""${{ runner.os }}-npm-\n""}},{""name"":""Install dependencies"",""run"":""npm config set cache ~/.npm\nnpm ci --audit=false --fund=false --prefer-offline --max-parallel=5""},{""name"":""Compile"",""run"":""npm run compile""},{""name"":""Configure AWS Credentials"",""uses"":""aws-actions/configure-aws-credentials@e3dd6a429d7300a6a4c196c26e071d42e0343502"",""with"":{""role-to-assume"":""${{ secrets.IAM_ROLE_DEPLOY_LAMBDA }}"",""aws-region"":""eu-south-1""}},{""name"":""Setup env variables"",""working-directory"":""apps/nextjs-website"",""run"":""aws lambda get-function-configuration \\\n--function-name devportal-${{ env.ENV_SHORT }}-website-opnext-server-lambda-01 | jq -r '.Environment.Variables | to_entries[] | \""\\(.key)=\\(.value)\""' \u003e .env\n""},{""name"":""build open-next"",""working-directory"":""apps/nextjs-website"",""run"":""npx @opennextjs/aws build"",""env"":{""AWS_REGION"":""eu-south-1""}},{""name"":""Sync Assets to S3"",""working-directory"":""apps/nextjs-website"",""run"":""aws s3 sync ./.open-next/assets s3://devportal-${{ env.ENV_SHORT }}-website-opnext-assets-01/_assets\n""},{""name"":""Sync Cache to S3"",""working-directory"":""apps/nextjs-website"",""run"":""aws s3 sync ./.open-next/cache s3://devportal-${{ env.ENV_SHORT }}-website-opnext-assets-01/_cache\n""},{""name"":""Clean up config files"",""working-directory"":""apps/nextjs-website/.open-next"",""run"":""find ./ -type f -name \"".env\"" -delete\n  \n""},{""name"":""Deploy Lambda Server Function"",""uses"":""./.github/actions/deploy_lambda"",""with"":{""function_name"":""devportal-${{ env.ENV_SHORT }}-website-opnext-server-lambda-01"",""working-directory"":""apps/nextjs-website/.open-next/server-functions/default"",""s3_bucket"":""devportal-${{ env.ENV_SHORT }}-website-opennext-lambda-code-01""}},{""name"":""Deploy Lambda Image Optimization"",""uses"":""./.github/actions/deploy_lambda"",""with"":{""function_name"":""devportal-${{ env.ENV_SHORT }}-website-opnext-img-opt-lambda-01"",""working-directory"":""apps/nextjs-website/.open-next/image-optimization-function"",""s3_bucket"":""devportal-${{ env.ENV_SHORT }}-website-opennext-lambda-code-01""}},{""name"":""Deploy Lambda DynamoDB Provider"",""uses"":""./.github/actions/deploy_lambda"",""with"":{""function_name"":""devportal-${{ env.ENV_SHORT }}-website-opnext-init-lambda-01"",""working-directory"":""apps/nextjs-website/.open-next/dynamodb-provider"",""s3_bucket"":""devportal-${{ env.ENV_SHORT }}-website-opennext-lambda-code-01""}},{""name"":""Deploy Lambda Revalidation Function"",""uses"":""./.github/actions/deploy_lambda"",""with"":{""function_name"":""devportal-${{ env.ENV_SHORT }}-website-opnext-isr-lambda-01"",""working-directory"":""apps/nextjs-website/.open-next/revalidation-function"",""s3_bucket"":""devportal-${{ env.ENV_SHORT }}-website-opennext-lambda-code-01""}},{""name"":""Invoke Lambda DynamoDB Provider"",""run"":""aws lambda invoke \\\n  --function-name devportal-${{ env.ENV_SHORT }}-website-opnext-init-lambda-01 \\\n  --region eu-south-1 \\\n  --payload '{}' \\\n  response.json\n""},{""name"":""Publish new Lambda version for Server function"",""uses"":""./.github/actions/publish_new_lambda_version"",""with"":{""function_name"":""devportal-${{ env.ENV_SHORT }}-website-opnext-server-lambda-01"",""alias_name"":""production""}},{""name"":""Publish new Lambda version for Image Optimization function"",""uses"":""./.github/actions/publish_new_lambda_version"",""with"":{""function_name"":""devportal-${{ env.ENV_SHORT }}-website-opnext-img-opt-lambda-01"",""alias_name"":""production""}},{""name"":""Publish new Lambda version for Revalidation function"",""uses"":""./.github/actions/publish_new_lambda_version"",""with"":{""function_name"":""devportal-${{ env.ENV_SHORT }}-website-opnext-isr-lambda-01"",""alias_name"":""production""}},{""name"":""Publish new Lambda version for DynamoDB Provider function"",""uses"":""./.github/actions/publish_new_lambda_version"",""with"":{""function_name"":""devportal-${{ env.ENV_SHORT }}-website-opnext-init-lambda-01"",""alias_name"":""production""}},{""name"":""Invalidate CloudFront cache"",""run"":""aws cloudfront create-invalidation \\\n  --distribution-id ${{ vars.OPENNEXT_CLOUDFRONT_DISTRIBUTION_ID }} \\\n  --paths \""/*\""""}]}},""name"":""Deploy Standalone Website"",""on"":{""push"":{""branches"":[""main""],""paths"":[""**/apps/nextjs-website/**""]},""workflow_dispatch"":{""inputs"":{""environment"":{""description"":""Choose environment"",""type"":""choice"",""required"":true,""default"":""dev"",""options"":[""dev"",""uat"",""prod""]}}}}}}"
81850724,Changelog,pagopa/developer-portal,"{""Steps"":[],""Env"":null,""RemainingFields"":{""concurrency"":""${{ github.workflow }}-${{ github.ref }}"",""jobs"":{""changelog"":{""name"":""Update CHANGELOG"",""runs-on"":""ubuntu-latest"",""permissions"":{""contents"":""write"",""pull-requests"":""write""},""steps"":[{""name"":""Checkout code"",""uses"":""actions/checkout@b4ffde65f46336ab88eb53be808477a3936bae11"",""with"":{""fetch-tags"":""true"",""fetch-depth"":0}},{""name"":""Setup Node.JS"",""uses"":""./.github/actions/setup-node""},{""name"":""Install dependencies"",""run"":""npm ci --audit=false --fund=false""},{""name"":""Configure Git"",""run"":""git config --global user.email \""devportal-portalsandtools-github-bot@pagopa.it\""\ngit config --global user.name \""devportal-portalsandtools-github-bot\""\n""},{""name"":""Create PR for next release"",""uses"":""changesets/action@f13b1baaa620fde937751f5d2c3572b9da32af23"",""with"":{""version"":""npm run version"",""publish"":""npm run tag"",""commit"":""Update CHANGELOG and prepare next release"",""title"":""${{ vars.CHANGESET_PR_TITLE }}"",""createGithubReleases"":false,""setupGitUser"":false},""env"":{""GITHUB_TOKEN"":""${{ secrets.GITHUB_TOKEN }}""}}]}},""name"":""Changelog"",""on"":{""push"":{""branches"":[""main""],""paths"":["".changeset/**""]},""workflow_dispatch"":null}}}"
65452296,Code Review Infra,pagopa/developer-portal,"{""Steps"":[],""Env"":null,""RemainingFields"":{""jobs"":{""infrastructure_checks"":{""strategy"":{""matrix"":{""environment"":[""dev"",""uat"",""prod""]},""fail-fast"":false},""name"":""Infra checks"",""runs-on"":""ubuntu-latest"",""environment"":""${{ matrix.environment }}"",""concurrency"":{""group"":""terraform-${{ matrix.environment }}"",""cancel-in-progress"":false},""steps"":[{""name"":""Checkout code"",""uses"":""actions/checkout@c85c95e3d7251135ab7dc9ce3241c5835cc595a9"",""with"":{""submodules"":""recursive""}},{""name"":""Setup Node.JS"",""uses"":""./.github/actions/setup-node""},{""name"":""Install dependencies"",""run"":""npm ci --audit=false --fund=false""},{""name"":""Compile Cloudfront Functions"",""run"":""npm run compile -w cloudfront-functions""},{""name"":""Build Cognito Functions"",""run"":""npm run build -w cognito-functions""},{""name"":""Pull \u0026 update submodules recursively"",""run"":""git submodule update --init --recursive""},{""name"":""Configure AWS Credentials"",""uses"":""./.github/actions/configure-aws-credentials"",""with"":{""aws_region"":""eu-south-1"",""role_to_assume"":""${{ secrets.IAM_ROLE }}""}},{""name"":""Setup Terraform"",""uses"":""./.github/actions/setup-terraform"",""with"":{""environment"":""${{ matrix.environment }}""}},{""name"":""Terraform Plan"",""working-directory"":""apps/infrastructure/src"",""run"":""./terraform.sh plan ${{ matrix.environment }}""}]}},""name"":""Code Review Infra"",""on"":{""pull_request"":{""branches"":""**"",""paths"":[""apps/infrastructure/src/**"","".github/workflows/code_review_infra.yaml""]}},""permissions"":{""id-token"":""write"",""contents"":""read""}}}"
174517944,Sync SOAP API Repo,pagopa/developer-portal,"{""Steps"":[],""Env"":null,""RemainingFields"":{""jobs"":{""sync_docs"":{""name"":""Sync SOAP API to S3"",""runs-on"":""ubuntu-latest"",""environment"":""${{ inputs.environment }}"",""steps"":[{""name"":""Checkout current repository"",""uses"":""actions/checkout@v4""},{""name"":""Fetch and clone SOAP APIs"",""uses"":""./.github/actions/clone-soap-api-repos"",""with"":{""soap-api-directory"":""./soap-api"",""strapi-endpoint"":""${{ vars.STRAPI_ENDPOINT }}"",""strapi-api-token"":""${{ secrets.STRAPI_API_TOKEN }}""}},{""name"":""Copy WSDL Viewer Library to SOAP Repos"",""uses"":""./.github/actions/copy-wsdl-stylesheet-to-soap-repos"",""with"":{""stylesheet_path"":""./apps/nextjs-website/public/wsdl-viewer"",""soap_repos_path"":""./soap-api""}},{""name"":""Add Stylesheet Reference to WSDLs"",""uses"":""./.github/actions/add-stylesheet-ref-to-wsdl"",""with"":{""dir"":""./soap-api""}},{""name"":""Generate SOAP API metadata"",""uses"":""./.github/actions/generate-soap-api-metadata"",""with"":{""soap-api-directory"":""./soap-api""}},{""name"":""Configure AWS Credentials"",""uses"":""./.github/actions/configure-aws-credentials"",""with"":{""aws_region"":""eu-south-1"",""role_to_assume"":""${{ secrets.DEPLOY_IAM_ROLE }}""}},{""name"":""Sync soap-api folder to S3"",""run"":""FIRST_LETTER=\""${{ inputs.environment }}\"" \u0026\u0026 FIRST_LETTER=\""${FIRST_LETTER:0:1}\"" \u0026\u0026 \\\naws s3 sync soap-api s3://devportal-${FIRST_LETTER}-website-static-content/soap-api --delete\n""}]}},""name"":""Sync SOAP API Repo"",""on"":{""workflow_dispatch"":{""inputs"":{""environment"":{""description"":""The environment used as target"",""type"":""choice"",""required"":true,""default"":""dev"",""options"":[""dev"",""uat"",""prod""]}}}},""permissions"":{""id-token"":""write"",""contents"":""read""}}}"
176204551,Deploy Lambda evaluate,pagopa/developer-portal,"{""Steps"":[],""Env"":null,""RemainingFields"":{""jobs"":{""setup"":{""runs-on"":""ubuntu-24.04"",""outputs"":{""matrix"":""${{ steps.setmatrix.outputs.matrix }}""},""permissions"":{""id-token"":""write"",""contents"":""read""},""steps"":[{""name"":""Set Dynamic Env Matrix"",""id"":""setmatrix"",""run"":""echo \""github.ref ${{ github.ref }}\""\necho \""event name ${{ github.event_name }}\""\n\nif [ \""${{ github.event_name }}\"" == \""workflow_dispatch\"" ]; then\n  matrixStringifiedObject=\""{\\\""include\\\"":[{\\\""environment\\\"":\\\""${{ github.event.inputs.environment }}\\\""}]}\""\nelse\n  matrixStringifiedObject=\""{\\\""include\\\"":[{\\\""environment\\\"":\\\""dev\\\""}]}\""\nfi\n\necho \""matrix=$matrixStringifiedObject\"" \u003e\u003e $GITHUB_OUTPUT\n""}]},""deploy"":{""name"":""Deploy lambda monitor ${{ matrix.environment }}"",""if"":""${{ needs.setup.outputs.matrix != '' }}"",""runs-on"":""ubuntu-24.04"",""needs"":[""setup""],""strategy"":{""matrix"":""${{ fromJson(needs.setup.outputs.matrix) }}""},""continue-on-error"":false,""environment"":""${{ matrix.environment }}"",""env"":{""ENV_SHORT"":""${{ fromJSON('{\""dev\"":\""d\"",\""uat\"":\""u\"",\""prod\"":\""p\""}')[matrix.environment] }}""},""permissions"":{""id-token"":""write"",""contents"":""read""},""steps"":[{""name"":""Checkout"",""uses"":""actions/checkout@3df4ab11eba7bda6032a0b82a6bb43b11571feac""},{""name"":""Configure AWS Credentials"",""uses"":""./.github/actions/configure-aws-credentials"",""with"":{""aws_region"":""${{ env.AWS_REGION || 'eu-south-1' }}"",""role_to_assume"":""${{ secrets.IAM_ROLE_DEPLOY_CHATBOT }}""}},{""name"":""Login to Amazon ECR"",""id"":""login-ecr"",""uses"":""aws-actions/amazon-ecr-login@062b18b96a7aff071d4dc91bc00c4c1a7945b076""},{""name"":""Build Push and Tag"",""continue-on-error"":false,""uses"":""docker/build-push-action@4a13e500e55cf31b7a5d59a38ab2040ab0f42f56"",""env"":{""ECR_REGISTRY"":""${{ steps.login-ecr.outputs.registry }}"",""ECR_REPOSITORY"":""evaluate"",""IMAGE_TAG"":""${{ github.sha }}""},""with"":{""context"":""apps/chatbot-evaluate"",""file"":""apps/chatbot-evaluate/docker/lambda.Dockerfile"",""push"":true,""tags"":""${{ env.ECR_REGISTRY }}/evaluate:${{ env.IMAGE_TAG }}"",""provenance"":false}},{""name"":""AWS set lambda function image"",""env"":{""LAMBDA_NAME"":""chatbot-${{ matrix.environment }}-evaluate-lambda""},""run"":""aws lambda update-function-code \\\n--function-name ${{ env.LAMBDA_NAME }} \\\n--image-uri ${{ steps.login-ecr.outputs.registry }}/evaluate:${{ github.sha }}\n""}]}},""name"":""Deploy Lambda evaluate"",""on"":{""push"":{""branches"":[""main""],""paths"":[""apps/chatbot-evaluate/**"","".github/workflows/deploy_lambda_evaluate.yaml""]},""workflow_dispatch"":{""inputs"":{""environment"":{""description"":""Choose environment"",""type"":""choice"",""required"":true,""default"":""dev"",""options"":[""dev"",""uat"",""prod""]}}}}}}"
65616573,Deploy Infrastructure,pagopa/developer-portal,"{""Steps"":[],""Env"":null,""RemainingFields"":{""defaults"":{""run"":{""shell"":""bash""}},""jobs"":{""deploy"":{""name"":""Terraform apply (manual on ${{ inputs.environment }})"",""runs-on"":""ubuntu-latest"",""continue-on-error"":false,""environment"":""${{ inputs.environment }}"",""concurrency"":{""group"":""terraform-${{ inputs.environment }}"",""cancel-in-progress"":false},""steps"":[{""name"":""Checkout"",""uses"":""actions/checkout@8e5e7e5ab8b370d6c329ec480221332ada57f0ab"",""with"":{""submodules"":""recursive""}},{""name"":""Setup Node.JS"",""uses"":""./.github/actions/setup-node""},{""name"":""Install dependencies"",""run"":""npm ci --audit=false --fund=false""},{""name"":""Compile Cloudfront Functions"",""run"":""npm run compile -w cloudfront-functions""},{""name"":""Build Cognito Functions"",""run"":""npm run build -w cognito-functions""},{""name"":""Pull \u0026 update submodules recursively"",""run"":""git submodule update --init --recursive""},{""name"":""Configure AWS Credentials"",""uses"":""./.github/actions/configure-aws-credentials"",""with"":{""aws_region"":""${{ env.AWS_REGION || 'eu-south-1' }}"",""role_to_assume"":""${{ secrets.IAM_ROLE }}""}},{""name"":""Setup Terraform"",""uses"":""./.github/actions/setup-terraform"",""with"":{""environment"":""${{ inputs.environment }}""}},{""name"":""Terraform Apply"",""working-directory"":""apps/infrastructure/src"",""env"":{""TF_VAR_publish_cloudfront_functions"":true},""run"":""./terraform.sh apply ${{ inputs.environment }} -auto-approve\n""}]}},""name"":""Deploy Infrastructure"",""on"":{""workflow_dispatch"":{""inputs"":{""logLevel"":{""description"":""Log level"",""required"":true,""default"":""warning"",""type"":""choice"",""options"":[""info"",""warning"",""debug""]},""environment"":{""description"":""The environment used as target"",""type"":""choice"",""required"":true,""default"":""dev"",""options"":[""dev"",""uat"",""prod""]}}}},""permissions"":{""id-token"":""write"",""contents"":""read""}}}"
192379398,Deploy Lambda Chatbot index,pagopa/developer-portal,"{""Steps"":[],""Env"":null,""RemainingFields"":{""jobs"":{""setup"":{""runs-on"":""ubuntu-24.04"",""outputs"":{""matrix"":""${{ steps.setmatrix.outputs.matrix }}""},""permissions"":{""id-token"":""write"",""contents"":""read""},""steps"":[{""name"":""Set Dynamic Env Matrix"",""id"":""setmatrix"",""run"":""echo \""github.ref ${{ github.ref }}\""\necho \""event name ${{ github.event_name }}\""\n\nif [ \""${{ github.event_name }}\"" == \""workflow_dispatch\"" ]; then\n  matrixStringifiedObject=\""{\\\""include\\\"":[{\\\""environment\\\"":\\\""${{ github.event.inputs.environment }}\\\""}]}\""\nelse\n  matrixStringifiedObject=\""{\\\""include\\\"":[{\\\""environment\\\"":\\\""dev\\\""}]}\""\nfi\n\necho \""matrix=$matrixStringifiedObject\"" \u003e\u003e $GITHUB_OUTPUT\n""}]},""deploy"":{""name"":""Deploy lambda chatbot index ${{ matrix.environment }}"",""if"":""${{ needs.setup.outputs.matrix != '' }}"",""runs-on"":""ubuntu-24.04"",""needs"":[""setup""],""strategy"":{""matrix"":""${{ fromJson(needs.setup.outputs.matrix) }}""},""continue-on-error"":false,""environment"":""${{ matrix.environment }}"",""env"":{""ENV_SHORT"":""${{ fromJSON('{\""dev\"":\""d\"",\""uat\"":\""u\"",\""prod\"":\""p\""}')[matrix.environment] }}""},""permissions"":{""id-token"":""write"",""contents"":""read""},""steps"":[{""name"":""Checkout"",""uses"":""actions/checkout@3df4ab11eba7bda6032a0b82a6bb43b11571feac""},{""name"":""Configure AWS Credentials"",""uses"":""./.github/actions/configure-aws-credentials"",""with"":{""aws_region"":""${{ env.AWS_REGION || 'eu-south-1' }}"",""role_to_assume"":""${{ secrets.IAM_ROLE_DEPLOY_CHATBOT }}""}},{""name"":""Login to Amazon ECR"",""id"":""login-ecr"",""uses"":""aws-actions/amazon-ecr-login@062b18b96a7aff071d4dc91bc00c4c1a7945b076""},{""name"":""Build Push and Tag"",""continue-on-error"":false,""uses"":""docker/build-push-action@4a13e500e55cf31b7a5d59a38ab2040ab0f42f56"",""env"":{""ECR_REGISTRY"":""${{ steps.login-ecr.outputs.registry }}"",""ECR_REPOSITORY"":""chatbot-index"",""IMAGE_TAG"":""${{ github.sha }}""},""with"":{""context"":""apps/chatbot-index"",""file"":""apps/chatbot-index/docker/lambda_refresh_index.Dockerfile"",""push"":true,""tags"":""${{ env.ECR_REGISTRY }}/chatbot-index:${{ env.IMAGE_TAG }}"",""provenance"":false}},{""name"":""AWS set lambda function image"",""env"":{""LAMBDA_NAME"":""chatbot-${{ matrix.environment }}-index-lambda""},""run"":""aws lambda update-function-code \\\n--function-name ${{ env.LAMBDA_NAME }} \\\n--image-uri ${{ steps.login-ecr.outputs.registry }}/chatbot-index:${{ github.sha }}\n""}]}},""name"":""Deploy Lambda Chatbot index"",""on"":{""push"":{""branches"":[""main""],""paths"":[""apps/chatbot-index/**"","".github/workflows/deploy_lambda_chatbot_index.yaml""]},""workflow_dispatch"":{""inputs"":{""environment"":{""description"":""Choose environment"",""type"":""choice"",""required"":true,""default"":""dev"",""options"":[""dev"",""uat"",""prod""]}}}}}}"
71276951,CodeQL,pagopa/developer-portal,<nil>
69026355,Check PR branch up to date,pagopa/developer-portal,"{""Steps"":[],""Env"":null,""RemainingFields"":{""jobs"":{""check_branch_up_to_date"":{""name"":""Verify branch is up to date"",""runs-on"":""ubuntu-latest"",""steps"":[{""name"":""Checkout code"",""uses"":""actions/checkout@f43a0e5ff2bd294095638e18286ca9a3d1956744"",""with"":{""fetch-depth"":""0""}},{""name"":""Check PR branch is updated"",""uses"":""./.github/actions/branch-up-to-date""}]}},""name"":""Check PR branch up to date"",""on"":{""pull_request"":{""types"":[""opened"",""edited"",""synchronize""]}}}}"
176087596,Invalidate CloudFront asset bucket cache,pagopa/developer-portal,"{""Steps"":[],""Env"":null,""RemainingFields"":{""jobs"":{""invalidate_cloudfront_asset_bucket_cache"":{""name"":""Invalidate CloudFront asset bucket cache (manual on ${{ inputs.environment }})"",""runs-on"":""ubuntu-latest"",""environment"":""${{ inputs.environment }}"",""env"":{""ENV_SHORT"":""${{ fromJSON('{\""dev\"":\""d\"",\""uat\"":\""u\"",\""prod\"":\""p\""}')[inputs.environment] }}""},""steps"":[{""name"":""Checkout current repository"",""uses"":""actions/checkout@v4""},{""name"":""Configure AWS Credentials"",""uses"":""./.github/actions/configure-aws-credentials"",""with"":{""aws_region"":""eu-south-1"",""role_to_assume"":""${{ secrets.DEPLOY_IAM_ROLE }}""}},{""name"":""Invalidate CloudFront asset bucket cache"",""run"":""aws cloudfront create-invalidation \\\n  --distribution-id ${{ vars.ASSET_BUCKET_CLOUDFRONT_DISTRIBUTION_ID }} \\\n  --paths \""/*\""\n""}]}},""name"":""Invalidate CloudFront asset bucket cache"",""on"":{""workflow_dispatch"":{""inputs"":{""environment"":{""description"":""The environment used as target"",""type"":""choice"",""required"":true,""default"":""dev"",""options"":[""dev"",""uat"",""prod""]}}}},""permissions"":{""id-token"":""write"",""contents"":""read""}}}"
130535344,Deploy Lambda Active Campaign Syncer,pagopa/developer-portal,"{""Steps"":[],""Env"":null,""RemainingFields"":{""jobs"":{""build"":{""runs-on"":""ubuntu-22.04"",""steps"":[{""name"":""Checkout code"",""uses"":""actions/checkout@v4""},{""name"":""Setup node"",""uses"":""actions/setup-node@v3"",""with"":{""node-version"":""20.x""}},{""name"":""Install dependencies"",""run"":""npm install""},{""name"":""Build"",""working-directory"":""packages/active-campaign-client"",""run"":""npm run build""},{""name"":""Package"",""working-directory"":""packages/active-campaign-client/dist"",""run"":""zip -r function.zip .""},{""name"":""Archive build artifacts"",""uses"":""actions/upload-artifact@65c4c4a1ddee5b72f698fdd19549f0f0fb45cf08"",""with"":{""name"":""active-campaign-client"",""path"":""packages/active-campaign-client/dist/function.zip""}}]},""deploy"":{""name"":""Deploy Lambda Active Campaign Syncer"",""runs-on"":""ubuntu-22.04"",""needs"":""build"",""environment"":""${{ github.event.inputs.environment || 'dev' }}"",""permissions"":{""id-token"":""write"",""contents"":""read""},""steps"":[{""name"":""Download build artifacts"",""uses"":""actions/download-artifact@fa0a91b85d4f404e444e00e005971372dc801d16"",""with"":{""name"":""active-campaign-client"",""path"":""./packages/active-campaign-client/target""}},{""name"":""Configure AWS Credentials"",""uses"":""aws-actions/configure-aws-credentials@v2"",""with"":{""role-to-assume"":""${{ secrets.DEPLOY_IAM_ROLE }}"",""aws-region"":""eu-south-1""}},{""name"":""Deploy Lambda function (${{ github.event.inputs.environment || 'dev' }})"",""run"":""aws lambda update-function-code \\\n--function-name ac-${{ github.event.inputs.environment || 'dev' }}-sync-lambda \\\n--zip-file fileb://packages/active-campaign-client/target/function.zip\n""},{""name"":""Deploy Lambda function (${{ github.event.inputs.environment || 'dev' }})"",""run"":""aws lambda update-function-code \\\n--function-name ac-${{ github.event.inputs.environment || 'dev' }}-resync-lambda \\\n--zip-file fileb://packages/active-campaign-client/target/function.zip""}]}},""name"":""Deploy Lambda Active Campaign Syncer"",""on"":{""push"":{""branches"":[""main""],""paths"":[""packages/active-campaign-client/**"","".github/workflows/deploy_ac_sync_lambda.yaml""]},""workflow_dispatch"":{""inputs"":{""environment"":{""description"":""Choose environment"",""type"":""choice"",""required"":true,""default"":""dev"",""options"":[""dev"",""uat"",""prod""]}}}}}}"
198173257,Chatbot Create Index,pagopa/developer-portal,"{""Steps"":[],""Env"":null,""RemainingFields"":{""jobs"":{""cd_create_index"":{""name"":""Llama create index (cd_create_index on ${{ matrix.environment }})"",""if"":""github.event_name == 'repository_dispatch'"",""runs-on"":""codebuild-${{ matrix.environment }}-github-runner-${{ github.run_id }}-${{ github.run_attempt }}"",""strategy"":{""matrix"":{""environment"":[""dev"",""uat"",""prod""]},""fail-fast"":false},""environment"":""${{ matrix.environment }}"",""concurrency"":{""group"":""${{ github.workflow }}-${{ matrix.environment }}"",""cancel-in-progress"":false},""steps"":[{""name"":""Checkout"",""uses"":""actions/checkout@8e5e7e5ab8b370d6c329ec480221332ada57f0ab""},{""name"":""Configure AWS Credentials"",""uses"":""aws-actions/configure-aws-credentials@e3dd6a429d7300a6a4c196c26e071d42e0343502"",""with"":{""role-to-assume"":""${{ secrets.IAM_ROLE_CHATBOT_REINDEX }}"",""aws-region"":""eu-south-1""}},{""name"":""Chatbot Vector Index"",""uses"":""./.github/actions/chatbot"",""with"":{""chatbot_lambda_name"":""${{ vars.CHATBOT_LAMBDA_NAME }}""}}]},""manual_create_index"":{""name"":""Llama create index (manual on ${{ inputs.environment }})"",""if"":""github.event_name == 'workflow_dispatch'"",""runs-on"":""codebuild-${{ inputs.environment }}-github-runner-${{ github.run_id }}-${{ github.run_attempt }}"",""environment"":""${{ inputs.environment }}"",""concurrency"":{""group"":""${{ github.workflow }}-${{ inputs.environment }}"",""cancel-in-progress"":false},""steps"":[{""name"":""Checkout"",""uses"":""actions/checkout@8e5e7e5ab8b370d6c329ec480221332ada57f0ab""},{""name"":""Configure AWS Credentials"",""uses"":""aws-actions/configure-aws-credentials@e3dd6a429d7300a6a4c196c26e071d42e0343502"",""with"":{""role-to-assume"":""${{ secrets.IAM_ROLE_CHATBOT_REINDEX }}"",""aws-region"":""eu-south-1""}},{""name"":""Chatbot Vector Index"",""uses"":""./.github/actions/chatbot"",""with"":{""chatbot_lambda_name"":""${{ vars.CHATBOT_LAMBDA_NAME }}""}}]}},""name"":""Chatbot Create Index"",""on"":{""workflow_dispatch"":{""inputs"":{""environment"":{""description"":""The environment used as target"",""type"":""choice"",""required"":true,""default"":""dev"",""options"":[""dev"",""uat"",""prod""]}}},""repository_dispatch"":{""types"":[""webhook""]}},""permissions"":{""id-token"":""write"",""contents"":""read""}}}"
65254858,Enrich Pull Request,pagopa/developer-portal,"{""Steps"":[],""Env"":null,""RemainingFields"":{""jobs"":{""add_labels"":{""name"":""Add labels"",""if"":""github.event.pull_request.title != ${{ vars.CHANGESET_PR_TITLE }}"",""permissions"":{""contents"":""read"",""pull-requests"":""write""},""runs-on"":""ubuntu-latest"",""steps"":[{""name"":""Add labels to PR"",""uses"":""actions/labeler@9fcb2c2f5584144ca754f8bfe8c6f81e77753375"",""with"":{""repo-token"":""${{ secrets.GITHUB_TOKEN }}"",""configuration-path"":"".github/labeler.yaml"",""sync-labels"":true}},{""name"":""Add size label to PR"",""uses"":""pagopa/github-actions-template/check-pr-size@d91a1fd0b913c9830589be5d86cdb71c90813fae"",""with"":{""github_token"":""${{ secrets.GITHUB_TOKEN }}"",""ignored_files"":""package-lock.json, docs/ apps/infrastructure/src/.terraform.lock.hcl, apps/chatbot/poetry.lock"",""min_size"":200,""max_size"":800}}]},""add_assignee"":{""name"":""Add assignee"",""needs"":""add_labels"",""runs-on"":""ubuntu-latest"",""steps"":[{""name"":""Assign PR"",""uses"":""kentaro-m/auto-assign-action@3e986bf9c274729de0d85191da42484917883328"",""with"":{""configuration-path"":"".github/auto-assign.yaml""}}]}},""name"":""Enrich Pull Request"",""on"":{""pull_request"":null}}}"
141828151,Chatbot Reindex,pagopa/developer-portal,"{""Steps"":[],""Env"":null,""RemainingFields"":{""jobs"":{""cd_create_index"":{""name"":""Llama create index (cd_create_index on ${{ matrix.environment }})"",""if"":""github.event_name == 'repository_dispatch'"",""runs-on"":""codebuild-${{ matrix.environment }}-github-runner-${{ github.run_id }}-${{ github.run_attempt }}"",""strategy"":{""matrix"":{""environment"":[""dev"",""uat"",""prod""]},""fail-fast"":false},""environment"":""${{ matrix.environment }}"",""concurrency"":{""group"":""${{ github.workflow }}-${{ matrix.environment }}"",""cancel-in-progress"":false},""steps"":[{""name"":""Checkout"",""uses"":""actions/checkout@8e5e7e5ab8b370d6c329ec480221332ada57f0ab""},{""name"":""Configure AWS Credentials"",""uses"":""aws-actions/configure-aws-credentials@e3dd6a429d7300a6a4c196c26e071d42e0343502"",""with"":{""role-to-assume"":""${{ secrets.IAM_ROLE_CHATBOT_REINDEX }}"",""aws-region"":""eu-south-1""}},{""name"":""Chatbot Vector Index"",""uses"":""./.github/actions/chatbot"",""with"":{""chatbot_lambda_name"":""${{ vars.CHATBOT_LAMBDA_NAME }}""}}]},""manual_create_index"":{""name"":""Llama create index (manual on ${{ inputs.environment }})"",""if"":""github.event_name == 'workflow_dispatch'"",""runs-on"":""codebuild-${{ inputs.environment }}-github-runner-${{ github.run_id }}-${{ github.run_attempt }}"",""environment"":""${{ inputs.environment }}"",""concurrency"":{""group"":""${{ github.workflow }}-${{ inputs.environment }}"",""cancel-in-progress"":false},""steps"":[{""name"":""Checkout"",""uses"":""actions/checkout@8e5e7e5ab8b370d6c329ec480221332ada57f0ab""},{""name"":""Configure AWS Credentials"",""uses"":""aws-actions/configure-aws-credentials@e3dd6a429d7300a6a4c196c26e071d42e0343502"",""with"":{""role-to-assume"":""${{ secrets.IAM_ROLE_CHATBOT_REINDEX }}"",""aws-region"":""eu-south-1""}},{""name"":""Chatbot Vector Index"",""uses"":""./.github/actions/chatbot"",""with"":{""chatbot_lambda_name"":""${{ vars.CHATBOT_LAMBDA_NAME }}""}}]}},""name"":""Chatbot Reindex"",""on"":{""workflow_dispatch"":{""inputs"":{""environment"":{""description"":""The environment used as target"",""type"":""choice"",""required"":true,""default"":""dev"",""options"":[""dev"",""uat"",""prod""]}}},""repository_dispatch"":{""types"":[""webhook""]}},""permissions"":{""id-token"":""write"",""contents"":""read""}}}"
193942137,Sync GitBook Docs (Optimized),pagopa/developer-portal,"{""Steps"":[],""Env"":null,""RemainingFields"":{""jobs"":{""manual_sync_gitbook_docs"":{""name"":""Sync gitbook Docs to S3 (manual on ${{ inputs.environment }})"",""if"":""github.event_name == 'workflow_dispatch'"",""runs-on"":""ubuntu-latest"",""outputs"":{""environment"":""${{ inputs.environment }}""},""environment"":""${{ inputs.environment }}"",""env"":{""ENV_SHORT"":""${{ fromJSON('{\""dev\"":\""d\"",\""uat\"":\""u\"",\""prod\"":\""p\""}')[inputs.environment] }}""},""steps"":[{""name"":""Checkout current repository"",""uses"":""actions/checkout@v4""},{""name"":""Checkout devportal-docs repo"",""uses"":""actions/checkout@v4"",""with"":{""repository"":""pagopa/devportal-docs"",""ref"":""docs/from-gitbook"",""path"":""devportal-docs""}},{""name"":""Setup Node.JS"",""uses"":""./.github/actions/setup-node""},{""name"":""Cache npm dependencies"",""id"":""cache-npm"",""uses"":""actions/cache@5a3ec84eff668545956fd18022155c47e93e2684"",""with"":{""path"":""~/.npm"",""key"":""${{ runner.os }}-npm-${{ hashFiles('**/package-lock.json') }}"",""restore-keys"":""${{ runner.os }}-npm-\n""}},{""name"":""Install dependencies"",""run"":""npm config set cache ~/.npm\nnpm ci\n""},{""name"":""Compile packages"",""run"":""npm run compile""},{""name"":""Configure AWS Credentials"",""uses"":""./.github/actions/configure-aws-credentials"",""with"":{""aws_region"":""eu-south-1"",""role_to_assume"":""${{ secrets.DEPLOY_IAM_ROLE }}""}},{""name"":""Generate all metadata"",""env"":{""ENVIRONMENT"":""${{ inputs.environment }}"",""DOCUMENTATION_PATH"":""${{ vars.DOCUMENTATION_PATH || '../../devportal-docs/docs' }}"",""URL_PARSING_METADATA_JSON_PATH"":""${{ vars.URL_PARSING_METADATA_JSON_PATH || '../../url-parsing-metadata.json' }}"",""STRAPI_ENDPOINT"":""${{ vars.STRAPI_ENDPOINT }}"",""STRAPI_API_TOKEN"":""${{ secrets.STRAPI_API_TOKEN }}"",""S3_BUCKET_NAME"":""devportal-${{ env.ENV_SHORT }}-website-static-content"",""S3_DOC_EXTRACTION_BUCKET_NAME"":""${{ vars.S3_DOC_EXTRACTION_BUCKET_NAME }}"",""S3_PATH_TO_GITBOOK_DOCS"":""${{ vars.S3_PATH_TO_GITBOOK_DOCS || 'devportal-docs/docs' }}"",""NEXT_PUBLIC_COGNITO_REGION"":""${{ vars.NEXT_PUBLIC_COGNITO_REGION || 'eu-south-1' }}"",""FETCH_FROM_STRAPI"":""${{ vars.FETCH_FROM_STRAPI || 'true' }}"",""GENERATE_URL_METADATA"":""true"",""GENERATE_SITEMAP_METADATA"":""true"",""SAVE_STRAPI_RESPONSES"":""true"",""METADATA_TYPE"":""${{ inputs.metadata_type }}""},""run"":""npm run sync-all-metadata -w gitbook-docs""},{""name"":""Replace urls and include tags in docs"",""if"":""inputs.generate_metadata_only == false"",""env"":{""ENVIRONMENT"":""${{ inputs.environment }}"",""DOCUMENTATION_PATH"":""${{ vars.DOCUMENTATION_PATH || '../../devportal-docs/docs' }}"",""URL_PARSING_METADATA_JSON_PATH"":""${{ vars.URL_PARSING_METADATA_JSON_PATH || '../../url-parsing-metadata.json' }}""},""run"":""npm run parse-docs -w gitbook-docs""},{""name"":""Sync docs folder to S3"",""if"":""inputs.generate_metadata_only == false"",""working-directory"":""./devportal-docs"",""run"":""aws s3 sync docs s3://devportal-${{ env.ENV_SHORT }}-website-static-content/devportal-docs/docs --delete ${{ inputs.incremental_mode == true \u0026\u0026 ' --size-only' || '' }}\n""},{""name"":""Invalidate CloudFront asset bucket cache"",""run"":""aws cloudfront create-invalidation \\\n  --distribution-id ${{ vars.ASSET_BUCKET_CLOUDFRONT_DISTRIBUTION_ID }} \\\n  --paths \""/*\""\n""}]},""scheduled_sync_gitbook_docs"":{""name"":""Sync gitbook Docs to S3 (scheduled on prod)"",""if"":""github.event_name == 'schedule'"",""runs-on"":""ubuntu-latest"",""outputs"":{""environment"":""prod""},""environment"":""prod"",""steps"":[{""name"":""Checkout current repository"",""uses"":""actions/checkout@v4""},{""name"":""Checkout devportal-docs repo"",""uses"":""actions/checkout@v4"",""with"":{""repository"":""pagopa/devportal-docs"",""ref"":""docs/from-gitbook"",""path"":""devportal-docs""}},{""name"":""Setup Node.JS"",""uses"":""./.github/actions/setup-node""},{""name"":""Cache npm dependencies"",""id"":""cache-npm"",""uses"":""actions/cache@5a3ec84eff668545956fd18022155c47e93e2684"",""with"":{""path"":""~/.npm"",""key"":""${{ runner.os }}-npm-${{ hashFiles('**/package-lock.json') }}"",""restore-keys"":""${{ runner.os }}-npm-\n""}},{""name"":""Install dependencies"",""run"":""npm config set cache ~/.npm\nnpm ci\n""},{""name"":""Compile packages"",""run"":""npm run compile""},{""name"":""Configure AWS Credentials"",""uses"":""./.github/actions/configure-aws-credentials"",""with"":{""aws_region"":""eu-south-1"",""role_to_assume"":""${{ secrets.DEPLOY_IAM_ROLE }}""}},{""name"":""Generate all metadata"",""env"":{""ENVIRONMENT"":""prod"",""DOCUMENTATION_PATH"":""${{ vars.DOCUMENTATION_PATH || '../../devportal-docs/docs' }}"",""URL_PARSING_METADATA_JSON_PATH"":""${{ vars.URL_PARSING_METADATA_JSON_PATH || '../../url-parsing-metadata.json' }}"",""STRAPI_ENDPOINT"":""${{ vars.STRAPI_ENDPOINT }}"",""STRAPI_API_TOKEN"":""${{ secrets.STRAPI_API_TOKEN }}"",""S3_BUCKET_NAME"":""devportal-p-website-static-content"",""S3_DOC_EXTRACTION_BUCKET_NAME"":""${{ vars.S3_DOC_EXTRACTION_BUCKET_NAME }}"",""S3_PATH_TO_GITBOOK_DOCS"":""${{ vars.S3_PATH_TO_GITBOOK_DOCS || 'devportal-docs/docs' }}"",""NEXT_PUBLIC_COGNITO_REGION"":""${{ vars.NEXT_PUBLIC_COGNITO_REGION || 'eu-south-1' }}"",""FETCH_FROM_STRAPI"":""${{ vars.FETCH_FROM_STRAPI || 'true' }}"",""GENERATE_URL_METADATA"":""true"",""GENERATE_SITEMAP_METADATA"":""true"",""SAVE_STRAPI_RESPONSES"":""true"",""METADATA_TYPE"":""all""},""run"":""npm run sync-all-metadata -w gitbook-docs""},{""name"":""Replace urls and include tags in docs"",""env"":{""ENVIRONMENT"":""prod"",""DOCUMENTATION_PATH"":""${{ vars.DOCUMENTATION_PATH || '../../devportal-docs/docs' }}"",""URL_PARSING_METADATA_JSON_PATH"":""${{ vars.URL_PARSING_METADATA_JSON_PATH || '../../url-parsing-metadata.json' }}""},""run"":""npm run parse-docs -w gitbook-docs""},{""name"":""Sync docs folder to S3"",""working-directory"":""./devportal-docs"",""run"":""aws s3 sync docs s3://devportal-p-website-static-content/devportal-docs/docs --delete --size-only\n""},{""name"":""Invalidate CloudFront asset bucket cache"",""run"":""aws cloudfront create-invalidation \\\n  --distribution-id ${{ vars.ASSET_BUCKET_CLOUDFRONT_DISTRIBUTION_ID }} \\\n  --paths \""/*\""\n""}]}},""name"":""Sync GitBook Docs (Optimized)"",""on"":{""workflow_dispatch"":{""inputs"":{""environment"":{""description"":""The environment used as target"",""type"":""choice"",""required"":true,""default"":""dev"",""options"":[""dev"",""uat"",""prod""]},""call_reindex"":{""description"":""Trigger reindex workflow after docs sync"",""type"":""boolean"",""required"":true,""default"":false},""metadata_type"":{""description"":""Type of metadata to generate"",""type"":""choice"",""required"":true,""default"":""all"",""options"":[""all"",""guides"",""solutions"",""release_notes""]},""incremental_mode"":{""description"":""Run sync in incremental mode by checking only file size"",""type"":""boolean"",""required"":true,""default"":true},""inivalidate_opennext_cache"":{""description"":""Invalidate opennext cloufront cache"",""type"":""boolean"",""required"":true,""default"":false}}},""schedule"":[{""cron"":""0 23 * * *""}]},""permissions"":{""id-token"":""write"",""contents"":""read""}}}"
173985605,Sync GitBook Docs,pagopa/developer-portal,"{""Steps"":[],""Env"":null,""RemainingFields"":{""jobs"":{""sync_gitbook_docs"":{""name"":""Sync gitbook Docs to S3 (manual on ${{ inputs.environment }})"",""if"":""github.event_name == 'workflow_dispatch'"",""runs-on"":""ubuntu-latest"",""outputs"":{""environment"":""${{ inputs.environment }}""},""environment"":""${{ inputs.environment }}"",""env"":{""ENV_SHORT"":""${{ fromJSON('{\""dev\"":\""d\"",\""uat\"":\""u\"",\""prod\"":\""p\""}')[inputs.environment] }}""},""steps"":[{""name"":""Checkout current repository"",""uses"":""actions/checkout@v4""},{""name"":""Checkout devportal-docs repo"",""if"":""inputs.generate_metadata_only == false"",""uses"":""actions/checkout@v4"",""with"":{""repository"":""pagopa/devportal-docs"",""ref"":""docs/from-gitbook"",""path"":""devportal-docs""}},{""name"":""Setup Node.JS"",""uses"":""./.github/actions/setup-node""},{""name"":""Cache npm dependencies"",""id"":""cache-npm"",""uses"":""actions/cache@5a3ec84eff668545956fd18022155c47e93e2684"",""with"":{""path"":""~/.npm"",""key"":""${{ runner.os }}-npm-${{ hashFiles('**/package-lock.json') }}"",""restore-keys"":""${{ runner.os }}-npm-\n                      \n""}},{""name"":""Install dependencies"",""run"":""npm config set cache ~/.npm\nnpm ci\n""},{""name"":""Compile packages"",""run"":""npm run compile""},{""name"":""Generate UrlReplace metadata"",""if"":""inputs.generate_metadata_only == false"",""env"":{""ENVIRONMENT"":""${{ github.event_name == 'workflow_dispatch' \u0026\u0026 inputs.environment || 'dev' }}"",""DOCUMENTATION_PATH"":""${{ vars.DOCUMENTATION_PATH || '../../devportal-docs/docs' }}"",""URL_PARSING_METADATA_JSON_PATH"":""${{ vars.URL_PARSING_METADATA_JSON_PATH || '../../url-parsing-metadata.json' }}"",""STRAPI_ENDPOINT"":""${{ vars.STRAPI_ENDPOINT }}"",""STRAPI_API_TOKEN"":""${{ secrets.STRAPI_API_TOKEN }}""},""run"":""npm run generate-url-parsing-metadata -w gitbook-docs""},{""name"":""Replace urls and include tags in docs"",""env"":{""ENVIRONMENT"":""${{ github.event_name == 'workflow_dispatch' \u0026\u0026 inputs.environment || 'dev' }}"",""DOCUMENTATION_PATH"":""${{ vars.DOCUMENTATION_PATH || '../../devportal-docs/docs' }}"",""URL_PARSING_METADATA_JSON_PATH"":""${{ vars.URL_PARSING_METADATA_JSON_PATH || '../../url-parsing-metadata.json' }}""},""if"":""inputs.generate_metadata_only == false"",""run"":""npm run parse-docs -w gitbook-docs""},{""name"":""Configure AWS Credentials"",""uses"":""./.github/actions/configure-aws-credentials"",""with"":{""aws_region"":""eu-south-1"",""role_to_assume"":""${{ secrets.DEPLOY_IAM_ROLE }}""}},{""name"":""Generate Strapi Response Files"",""env"":{""ENVIRONMENT"":""${{ github.event_name == 'workflow_dispatch' \u0026\u0026 inputs.environment || 'dev' }}"",""S3_BUCKET_NAME"":""devportal-${{ env.ENV_SHORT }}-website-static-content"",""STRAPI_ENDPOINT"":""${{ vars.STRAPI_ENDPOINT }}"",""STRAPI_API_TOKEN"":""${{ secrets.STRAPI_API_TOKEN }}"",""FETCH_FROM_STRAPI"":""${{ vars.FETCH_FROM_STRAPI || 'true' }}"",""NEXT_PUBLIC_COGNITO_REGION"":""${{ vars.NEXT_PUBLIC_COGNITO_REGION || 'eu-south-1' }}""},""run"":""npm run generate-strapi-response-files -w gitbook-docs""},{""name"":""Sync docs folder to S3"",""if"":""inputs.generate_metadata_only == false"",""working-directory"":""./devportal-docs"",""run"":""aws s3 sync docs s3://devportal-${{ env.ENV_SHORT }}-website-static-content/devportal-docs/docs --delete ${{ inputs.incremental_mode == true \u0026\u0026 ' --size-only' || '' }}\n""},{""name"":""Generate guides metadata"",""if"":""inputs.metadata_type == 'guides' || inputs.metadata_type == 'all'"",""env"":{""ENVIRONMENT"":""${{ github.event_name == 'workflow_dispatch' \u0026\u0026 inputs.environment || 'dev' }}"",""S3_BUCKET_NAME"":""devportal-${{ env.ENV_SHORT }}-website-static-content"",""S3_DOC_EXTRACTION_BUCKET_NAME"":""${{ vars.S3_DOC_EXTRACTION_BUCKET_NAME }}"",""S3_PATH_TO_GITBOOK_DOCS"":""${{ vars.S3_PATH_TO_GITBOOK_DOCS || 'devportal-docs/docs' }}"",""STRAPI_ENDPOINT"":""${{ vars.STRAPI_ENDPOINT }}"",""STRAPI_API_TOKEN"":""${{ secrets.STRAPI_API_TOKEN }}"",""FETCH_FROM_STRAPI"":""${{ vars.FETCH_FROM_STRAPI || 'true' }}"",""NEXT_PUBLIC_COGNITO_REGION"":""${{ vars.NEXT_PUBLIC_COGNITO_REGION || 'eu-south-1' }}""},""run"":""npm run generate-guides-metadata -w gitbook-docs""},{""name"":""Generate solutions metadata"",""if"":""inputs.metadata_type == 'solutions' || inputs.metadata_type == 'all'"",""env"":{""ENVIRONMENT"":""${{ github.event_name == 'workflow_dispatch' \u0026\u0026 inputs.environment || 'dev' }}"",""S3_BUCKET_NAME"":""devportal-${{ env.ENV_SHORT }}-website-static-content"",""S3_PATH_TO_GITBOOK_DOCS"":""${{ vars.S3_PATH_TO_GITBOOK_DOCS || 'devportal-docs/docs' }}"",""STRAPI_ENDPOINT"":""${{ vars.STRAPI_ENDPOINT }}"",""STRAPI_API_TOKEN"":""${{ secrets.STRAPI_API_TOKEN }}"",""FETCH_FROM_STRAPI"":""${{ vars.FETCH_FROM_STRAPI || 'true' }}"",""NEXT_PUBLIC_COGNITO_REGION"":""${{ vars.NEXT_PUBLIC_COGNITO_REGION || 'eu-south-1' }}""},""run"":""npm run generate-solutions-metadata -w gitbook-docs""},{""name"":""Generate release notes metadata"",""if"":""inputs.metadata_type == 'release_notes' || inputs.metadata_type == 'all'"",""env"":{""ENVIRONMENT"":""${{ github.event_name == 'workflow_dispatch' \u0026\u0026 inputs.environment || 'dev' }}"",""S3_BUCKET_NAME"":""devportal-${{ env.ENV_SHORT }}-website-static-content"",""S3_DOC_EXTRACTION_BUCKET_NAME"":""${{ vars.S3_DOC_EXTRACTION_BUCKET_NAME }}"",""S3_PATH_TO_GITBOOK_DOCS"":""${{ vars.S3_PATH_TO_GITBOOK_DOCS || 'devportal-docs/docs' }}"",""STRAPI_ENDPOINT"":""${{ vars.STRAPI_ENDPOINT }}"",""STRAPI_API_TOKEN"":""${{ secrets.STRAPI_API_TOKEN }}"",""FETCH_FROM_STRAPI"":""${{ vars.FETCH_FROM_STRAPI || 'true' }}"",""NEXT_PUBLIC_COGNITO_REGION"":""${{ vars.NEXT_PUBLIC_COGNITO_REGION || 'eu-south-1' }}""},""run"":""npm run generate-release-notes-metadata -w gitbook-docs""},{""name"":""Invalidate CloudFront asset bucket cache"",""run"":""aws cloudfront create-invalidation \\\n  --distribution-id ${{ vars.ASSET_BUCKET_CLOUDFRONT_DISTRIBUTION_ID }} \\\n  --paths \""/*\""\n""}]},""scheduled_sync_gitbook_docs"":{""name"":""Sync gitbook Docs to S3 (scheduled on prod)"",""if"":""github.event_name == 'schedule'"",""runs-on"":""ubuntu-latest"",""outputs"":{""environment"":""prod""},""environment"":""prod"",""steps"":[{""name"":""Checkout current repository"",""uses"":""actions/checkout@v4""},{""name"":""Checkout devportal-docs repo"",""uses"":""actions/checkout@v4"",""with"":{""repository"":""pagopa/devportal-docs"",""ref"":""docs/from-gitbook"",""path"":""devportal-docs""}},{""name"":""Setup Node.JS"",""uses"":""./.github/actions/setup-node""},{""name"":""Cache npm dependencies"",""id"":""cache-npm"",""uses"":""actions/cache@5a3ec84eff668545956fd18022155c47e93e2684"",""with"":{""path"":""~/.npm"",""key"":""${{ runner.os }}-npm-${{ hashFiles('**/package-lock.json') }}"",""restore-keys"":""${{ runner.os }}-npm-\n""}},{""name"":""Install dependencies"",""run"":""npm config set cache ~/.npm\nnpm ci\n""},{""name"":""Compile packages"",""run"":""npm run compile""},{""name"":""Generate UrlReplace metadata"",""env"":{""ENVIRONMENT"":""prod"",""DOCUMENTATION_PATH"":""${{ vars.DOCUMENTATION_PATH || '../../devportal-docs/docs' }}"",""URL_PARSING_METADATA_JSON_PATH"":""${{ vars.URL_PARSING_METADATA_JSON_PATH || '../../url-parsing-metadata.json' }}"",""STRAPI_ENDPOINT"":""${{ vars.STRAPI_ENDPOINT }}"",""STRAPI_API_TOKEN"":""${{ secrets.STRAPI_API_TOKEN }}""},""run"":""npm run generate-url-parsing-metadata -w gitbook-docs""},{""name"":""Replace urls and include tags in docs"",""env"":{""ENVIRONMENT"":""prod"",""DOCUMENTATION_PATH"":""${{ vars.DOCUMENTATION_PATH || '../../devportal-docs/docs' }}"",""URL_PARSING_METADATA_JSON_PATH"":""${{ vars.URL_PARSING_METADATA_JSON_PATH || '../../url-parsing-metadata.json' }}""},""run"":""npm run parse-docs -w gitbook-docs""},{""name"":""Configure AWS Credentials"",""uses"":""./.github/actions/configure-aws-credentials"",""with"":{""aws_region"":""eu-south-1"",""role_to_assume"":""${{ secrets.DEPLOY_IAM_ROLE }}""}},{""name"":""Generate Strapi Response Files"",""env"":{""ENVIRONMENT"":""prod"",""S3_BUCKET_NAME"":""devportal-p-website-static-content"",""STRAPI_ENDPOINT"":""${{ vars.STRAPI_ENDPOINT }}"",""STRAPI_API_TOKEN"":""${{ secrets.STRAPI_API_TOKEN }}"",""FETCH_FROM_STRAPI"":""${{ vars.FETCH_FROM_STRAPI || 'true' }}"",""NEXT_PUBLIC_COGNITO_REGION"":""${{ vars.NEXT_PUBLIC_COGNITO_REGION || 'eu-south-1' }}""},""run"":""npm run generate-strapi-response-files -w gitbook-docs""},{""name"":""Generate guides metadata"",""env"":{""ENVIRONMENT"":""prod"",""S3_BUCKET_NAME"":""devportal-p-website-static-content"",""S3_DOC_EXTRACTION_BUCKET_NAME"":""${{ vars.S3_DOC_EXTRACTION_BUCKET_NAME }}"",""S3_PATH_TO_GITBOOK_DOCS"":""${{ vars.S3_PATH_TO_GITBOOK_DOCS || 'devportal-docs/docs' }}"",""STRAPI_ENDPOINT"":""${{ vars.STRAPI_ENDPOINT }}"",""STRAPI_API_TOKEN"":""${{ secrets.STRAPI_API_TOKEN }}"",""FETCH_FROM_STRAPI"":""${{ vars.FETCH_FROM_STRAPI || 'true' }}"",""NEXT_PUBLIC_COGNITO_REGION"":""${{ vars.NEXT_PUBLIC_COGNITO_REGION || 'eu-south-1' }}""},""run"":""npm run generate-guides-metadata -w gitbook-docs""},{""name"":""Generate solutions metadata"",""env"":{""ENVIRONMENT"":""prod"",""S3_BUCKET_NAME"":""devportal-p-website-static-content"",""S3_PATH_TO_GITBOOK_DOCS"":""${{ vars.S3_PATH_TO_GITBOOK_DOCS || 'devportal-docs/docs' }}"",""STRAPI_ENDPOINT"":""${{ vars.STRAPI_ENDPOINT }}"",""STRAPI_API_TOKEN"":""${{ secrets.STRAPI_API_TOKEN }}"",""FETCH_FROM_STRAPI"":""${{ vars.FETCH_FROM_STRAPI || 'true' }}"",""NEXT_PUBLIC_COGNITO_REGION"":""${{ vars.NEXT_PUBLIC_COGNITO_REGION || 'eu-south-1' }}""},""run"":""npm run generate-solutions-metadata -w gitbook-docs""},{""name"":""Generate release notes metadata"",""env"":{""ENVIRONMENT"":""prod"",""S3_BUCKET_NAME"":""devportal-p-website-static-content"",""S3_DOC_EXTRACTION_BUCKET_NAME"":""${{ vars.S3_DOC_EXTRACTION_BUCKET_NAME }}"",""S3_PATH_TO_GITBOOK_DOCS"":""${{ vars.S3_PATH_TO_GITBOOK_DOCS || 'devportal-docs/docs' }}"",""STRAPI_ENDPOINT"":""${{ vars.STRAPI_ENDPOINT }}"",""STRAPI_API_TOKEN"":""${{ secrets.STRAPI_API_TOKEN }}"",""FETCH_FROM_STRAPI"":""${{ vars.FETCH_FROM_STRAPI || 'true' }}"",""NEXT_PUBLIC_COGNITO_REGION"":""${{ vars.NEXT_PUBLIC_COGNITO_REGION || 'eu-south-1' }}""},""run"":""npm run generate-release-notes-metadata -w gitbook-docs""},{""name"":""Sync docs folder to S3"",""working-directory"":""./devportal-docs"",""run"":""aws s3 sync docs s3://devportal-p-website-static-content/devportal-docs/docs --delete --size-only\n""},{""name"":""Invalidate CloudFront asset bucket cache"",""run"":""aws cloudfront create-invalidation \\\n  --distribution-id ${{ vars.ASSET_BUCKET_CLOUDFRONT_DISTRIBUTION_ID }} \\\n  --paths \""/*\""\n""},{""name"":""Trigger reindex workflow"",""run"":""curl -X POST \\\n-H \""Authorization: token ${{ secrets.TAG_GITHUB_PAT }}\"" \\\n-H \""Accept: application/vnd.github+json\"" \\\nhttps://api.github.com/repos/${{ github.repository }}/actions/workflows/141828151/dispatches \\\n-d '{\""ref\"":\""main\"",\""inputs\"":{\""environment\"":\""prod\""}}'\n""}]}},""name"":""Sync GitBook Docs"",""on"":{""workflow_dispatch"":{""inputs"":{""environment"":{""description"":""The environment used as target"",""type"":""choice"",""required"":true,""default"":""dev"",""options"":[""dev"",""uat"",""prod""]},""metadata_type"":{""description"":""Type of metadata to generate"",""type"":""choice"",""required"":true,""default"":""all"",""options"":[""all"",""guides"",""solutions"",""release_notes""]},""generate_metadata_only"":{""description"":""Generate metadata only without syncing docs"",""type"":""boolean"",""required"":true,""default"":false},""incremental_mode"":{""description"":""Run sync in incremental mode by checking only file size"",""type"":""boolean"",""required"":true,""default"":true}}},""schedule"":[{""cron"":""0 23 * * *""}]},""permissions"":{""id-token"":""write"",""contents"":""read""}}}"
136940095,Deploy Chatbot,pagopa/developer-portal,"{""Steps"":[],""Env"":null,""RemainingFields"":{""defaults"":{""run"":{""shell"":""bash"",""working-directory"":""apps/chatbot""}},""jobs"":{""cd_deploy_chatbot"":{""name"":""Build and push Chatbot API lambda image (on ${{ matrix.environment }})"",""if"":""github.event_name == 'push' \u0026\u0026 github.event.ref == 'refs/heads/main'"",""runs-on"":""ubuntu-latest"",""continue-on-error"":false,""strategy"":{""matrix"":{""environment"":[""dev""]}},""environment"":""${{ matrix.environment }}"",""concurrency"":{""group"":""${{ github.workflow }}-${{ matrix.environment }}"",""cancel-in-progress"":false},""steps"":[{""name"":""Checkout"",""uses"":""actions/checkout@3df4ab11eba7bda6032a0b82a6bb43b11571feac""},{""name"":""Configure AWS Credentials"",""uses"":""./.github/actions/configure-aws-credentials"",""with"":{""aws_region"":""${{ env.AWS_REGION || 'eu-south-1' }}"",""role_to_assume"":""${{ secrets.IAM_ROLE_DEPLOY_CHATBOT }}""}},{""name"":""Login to Amazon ECR"",""id"":""login-ecr"",""uses"":""aws-actions/amazon-ecr-login@062b18b96a7aff071d4dc91bc00c4c1a7945b076""},{""name"":""Build Push and Tag"",""continue-on-error"":true,""uses"":""docker/build-push-action@4a13e500e55cf31b7a5d59a38ab2040ab0f42f56"",""env"":{""ECR_REGISTRY"":""${{ steps.login-ecr.outputs.registry }}"",""ECR_REPOSITORY"":""chatbot"",""IMAGE_TAG"":""${{ github.sha }}""},""with"":{""context"":""apps/chatbot"",""file"":""apps/chatbot/docker/app.Dockerfile"",""push"":true,""tags"":""${{ env.ECR_REGISTRY }}/${{ env.ECR_REPOSITORY }}:${{ env.IMAGE_TAG }}"",""provenance"":false}},{""name"":""AWS set lambda function image"",""env"":{""CHATBOT_LAMBDA_NAME"":""${{ vars.CHATBOT_LAMBDA_NAME }}""},""run"":""aws lambda update-function-code --function-name ${{ env.CHATBOT_LAMBDA_NAME }} --image-uri ${{ steps.login-ecr.outputs.registry }}/chatbot:${{ github.sha }}\n""}]},""manual_deploy"":{""name"":""Build and push Chatbot API lambda image (manual trigger) - (${{ inputs.environment }})"",""if"":""github.event_name == 'workflow_dispatch'"",""runs-on"":""ubuntu-latest"",""continue-on-error"":false,""environment"":""${{ inputs.environment }}"",""concurrency"":{""group"":""${{ github.workflow }}-${{ inputs.environment }}"",""cancel-in-progress"":false},""steps"":[{""name"":""Checkout"",""uses"":""actions/checkout@3df4ab11eba7bda6032a0b82a6bb43b11571feac""},{""name"":""Configure AWS Credentials"",""uses"":""./.github/actions/configure-aws-credentials"",""with"":{""aws_region"":""${{ env.AWS_REGION || 'eu-south-1' }}"",""role_to_assume"":""${{ secrets.IAM_ROLE_DEPLOY_CHATBOT }}""}},{""name"":""Login to Amazon ECR"",""id"":""login-ecr"",""uses"":""aws-actions/amazon-ecr-login@062b18b96a7aff071d4dc91bc00c4c1a7945b076""},{""name"":""Build Push and Tag"",""continue-on-error"":true,""uses"":""docker/build-push-action@4a13e500e55cf31b7a5d59a38ab2040ab0f42f56"",""env"":{""ECR_REGISTRY"":""${{ steps.login-ecr.outputs.registry }}"",""ECR_REPOSITORY"":""chatbot"",""IMAGE_TAG"":""${{ github.sha }}""},""with"":{""context"":""apps/chatbot"",""file"":""apps/chatbot/docker/app.Dockerfile"",""push"":true,""tags"":""${{ env.ECR_REGISTRY }}/${{ env.ECR_REPOSITORY }}:${{ env.IMAGE_TAG }}"",""provenance"":false}},{""name"":""AWS set lambda function image"",""env"":{""CHATBOT_LAMBDA_NAME"":""${{ vars.CHATBOT_LAMBDA_NAME }}""},""run"":""aws lambda update-function-code --function-name ${{ env.CHATBOT_LAMBDA_NAME }} --image-uri ${{ steps.login-ecr.outputs.registry }}/chatbot:${{ github.sha }}\n""}]}},""name"":""Deploy Chatbot"",""on"":{""push"":{""branches"":[""main""],""paths"":[""apps/chatbot/**"","".github/workflows/deploy_chatbot.yaml""]},""workflow_dispatch"":{""inputs"":{""environment"":{""description"":""The environment used as target"",""type"":""choice"",""required"":true,""default"":""dev"",""options"":[""dev"",""uat"",""prod""]},""logLevel"":{""description"":""Log level"",""required"":true,""default"":""warning"",""type"":""choice"",""options"":[""warning""]}}}},""permissions"":{""id-token"":""write"",""contents"":""read""}}}"
69027456,Check PR title,pagopa/developer-portal,"{""Steps"":[],""Env"":null,""RemainingFields"":{""jobs"":{""check_pr_title"":{""if"":""${{ github.head_ref }} != 'changeset-release/main'"",""name"":""Check PR title"",""runs-on"":""ubuntu-latest"",""steps"":[{""name"":""Checkout code"",""uses"":""actions/checkout@f43a0e5ff2bd294095638e18286ca9a3d1956744""},{""name"":""Check PR is linked to Jira activity"",""uses"":""./.github/actions/link-pr-to-jira-activity""}]}},""name"":""Check PR title"",""on"":{""pull_request"":{""paths-ignore"":[""**/package.json"",""**/CHANGELOG.md"","".changeset/**"",""package-lock.json""],""types"":[""opened"",""edited"",""synchronize""]}}}}"
65253196,Code Review,pagopa/developer-portal,"{""Steps"":[],""Env"":null,""RemainingFields"":{""defaults"":{""run"":{""shell"":""bash""}},""jobs"":{""changes"":{""runs-on"":""ubuntu-latest"",""if"":""github.event_name != 'pull_request' || github.event.pull_request.title != ${{ vars.CHANGESET_PR_TITLE }}"",""permissions"":{""pull-requests"":""read""},""outputs"":{""nextjswebsite"":""${{ steps.filter.outputs.nextjswebsite }}""},""steps"":[{""name"":""Checkout code"",""if"":""${{ github.event_name != 'pull_request' }}"",""uses"":""actions/checkout@c85c95e3d7251135ab7dc9ce3241c5835cc595a9""},{""uses"":""dorny/paths-filter@0bc4621a3135347011ad047f9ecf449bf72ce2bd"",""id"":""filter"",""with"":{""filters"":""nextjswebsite:\n  - 'apps/nextjs-website/**'\n""}}]},""compile"":{""name"":""Compile project"",""runs-on"":""ubuntu-latest"",""needs"":""changes"",""if"":""${{ needs.changes.outputs.nextjswebsite == 'true' }}"",""steps"":[{""name"":""Checkout code"",""uses"":""actions/checkout@c85c95e3d7251135ab7dc9ce3241c5835cc595a9""},{""name"":""Setup Node.JS"",""uses"":""./.github/actions/setup-node""},{""name"":""Check lock file"",""run"":""npx -y package-lock-utd@1.1.3""},{""name"":""Install dependencies"",""run"":""npm ci --audit=false --fund=false""},{""name"":""Compile"",""run"":""npm run compile""},{""name"":""Store in cache"",""uses"":""actions/cache@d4323d4df104b026a6aa633fdb11d772146be0bf"",""id"":""restore-build"",""with"":{""path"":""./*"",""key"":""${{ github.sha }}""}}]},""code_checks"":{""name"":""Code checks"",""runs-on"":""ubuntu-latest"",""needs"":[""changes"",""compile""],""steps"":[{""name"":""Restore cache"",""uses"":""actions/cache@d4323d4df104b026a6aa633fdb11d772146be0bf"",""id"":""restore-build"",""with"":{""path"":""./*"",""key"":""${{ github.sha }}""}},{""name"":""Check lint rules"",""run"":""npm run lint""},{""name"":""Run tests"",""run"":""npm run test""}]},""build_website"":{""name"":""Build Website"",""runs-on"":""ubuntu-latest"",""strategy"":{""matrix"":{""environment"":[""dev"",""uat"",""prod""]},""fail-fast"":false},""environment"":""${{ matrix.environment }}"",""needs"":""compile"",""steps"":[{""name"":""Restore cache"",""uses"":""actions/cache@d4323d4df104b026a6aa633fdb11d772146be0bf"",""id"":""restore-build"",""with"":{""path"":""./*"",""key"":""${{ github.sha }}""}}]}},""name"":""Code Review"",""on"":{""pull_request"":null,""push"":{""branches"":[""main""]}}}}"
194228385,Deploy Lambda Chatbot reindex,pagopa/developer-portal,"{""Steps"":[],""Env"":null,""RemainingFields"":{""jobs"":{""setup"":{""runs-on"":""ubuntu-24.04"",""outputs"":{""matrix"":""${{ steps.setmatrix.outputs.matrix }}""},""permissions"":{""id-token"":""write"",""contents"":""read""},""steps"":[{""name"":""Set Dynamic Env Matrix"",""id"":""setmatrix"",""run"":""echo \""github.ref ${{ github.ref }}\""\necho \""event name ${{ github.event_name }}\""\n\nif [ \""${{ github.event_name }}\"" == \""workflow_dispatch\"" ]; then\n  matrixStringifiedObject=\""{\\\""include\\\"":[{\\\""environment\\\"":\\\""${{ github.event.inputs.environment }}\\\""}]}\""\nelse\n  matrixStringifiedObject=\""{\\\""include\\\"":[{\\\""environment\\\"":\\\""dev\\\""}]}\""\nfi\n\necho \""matrix=$matrixStringifiedObject\"" \u003e\u003e $GITHUB_OUTPUT\n""}]},""deploy"":{""name"":""Deploy lambda chatbot reindex ${{ matrix.environment }}"",""if"":""${{ needs.setup.outputs.matrix != '' }}"",""runs-on"":""ubuntu-24.04"",""needs"":[""setup""],""strategy"":{""matrix"":""${{ fromJson(needs.setup.outputs.matrix) }}""},""continue-on-error"":false,""environment"":""${{ matrix.environment }}"",""env"":{""ENV_SHORT"":""${{ fromJSON('{\""dev\"":\""d\"",\""uat\"":\""u\"",\""prod\"":\""p\""}')[matrix.environment] }}""},""permissions"":{""id-token"":""write"",""contents"":""read""},""steps"":[{""name"":""Checkout"",""uses"":""actions/checkout@3df4ab11eba7bda6032a0b82a6bb43b11571feac""},{""name"":""Configure AWS Credentials"",""uses"":""./.github/actions/configure-aws-credentials"",""with"":{""aws_region"":""${{ env.AWS_REGION || 'eu-south-1' }}"",""role_to_assume"":""${{ secrets.IAM_ROLE_DEPLOY_CHATBOT }}""}},{""name"":""Login to Amazon ECR"",""id"":""login-ecr"",""uses"":""aws-actions/amazon-ecr-login@062b18b96a7aff071d4dc91bc00c4c1a7945b076""},{""name"":""Build Push and Tag"",""continue-on-error"":false,""uses"":""docker/build-push-action@4a13e500e55cf31b7a5d59a38ab2040ab0f42f56"",""env"":{""ECR_REGISTRY"":""${{ steps.login-ecr.outputs.registry }}"",""ECR_REPOSITORY"":""chatbot-reindex"",""IMAGE_TAG"":""${{ github.sha }}""},""with"":{""context"":""apps/chatbot-index"",""file"":""apps/chatbot-index/docker/lambda_create_index.Dockerfile"",""push"":true,""tags"":""${{ env.ECR_REGISTRY }}/chatbot-reindex:${{ env.IMAGE_TAG }}"",""provenance"":false}},{""name"":""AWS set lambda function image"",""env"":{""LAMBDA_NAME"":""chatbot-${{ matrix.environment }}-reindex-lambda""},""run"":""aws lambda update-function-code \\\n--function-name ${{ env.LAMBDA_NAME }} \\\n--image-uri ${{ steps.login-ecr.outputs.registry }}/chatbot-reindex:${{ github.sha }}\n""}]}},""name"":""Deploy Lambda Chatbot reindex"",""on"":{""push"":{""branches"":[""main""],""paths"":[""apps/chatbot-index/**"","".github/workflows/deploy_lambda_chatbot_reindex.yaml""]},""workflow_dispatch"":{""inputs"":{""environment"":{""description"":""Choose environment"",""type"":""choice"",""required"":true,""default"":""dev"",""options"":[""dev"",""uat"",""prod""]}}}}}}"
